file,ticid,sector,cadence,best_period_days,max_power,amplitude_percent,peak1_period,peak2_period,peak3_period,peak4_period,peak5_period,peak1_power,peak2_power,peak3_power,peak4_power,peak5_power,power_pass,ref_period,period_agree,power_and_agree,double_dipper,true_period_d
tess2018206045859-s0001-0000000299798795-0120-s_lc.fits,299798795,1,slow,1.2339635509231468,0.5405235570684127,1.66183293,1.2339635509231468,0.6141820100821633,1.072561897088638,1.4525461321595745,0.866005337991036,0.5405235570684127,0.0421396588770688,0.0190960134135732,0.0147543671390524,0.0109040130437252,True,1.228666162061912,True,True,False,1.2339635509231468
tess2018206045859-s0001-0000000299799658-0120-s_lc.fits,299799658,1,slow,4.983954089150902,0.0051934334065233,0.19647956,4.983954089150902,13.98199390895321,1.3670832982258885,3.170373898261367,0.1008716432055859,0.0051934334065233,0.0028731414212846,0.0012772486395756,0.0012410146355195,0.0009517700971079,False,8.645363270039987,False,False,False,4.983954089150902
tess2018206045859-s0001-0000000394357918-0120-s_lc.fits,394357918,1,slow,3.032436078340237,0.0010414882528755,3.98817718,3.032436078340237,3.5771375838140216,0.1381619590837334,0.295987561310319,7.757417025944032,0.0010414882528755,0.0009869779427549,0.0007745022205034,0.0007587926487933,0.0006966527468632,False,6.419231756442765,False,False,False,3.032436078340237
tess2018263035959-s0003-0000000122612091-0123-s_lc.fits,122612091,3,slow,2.2008170474678472,0.058281639720193,0.3755033,2.2008170474678472,1.1133318401893122,0.5538366086365478,0.7397020152244275,0.3699448373999583,0.058281639720193,0.0474556304002069,0.0411363591945104,0.0348878576341693,0.0338839015422744,True,2.2008170474678472,True,True,False,2.2008170474678472
tess2018263035959-s0003-0000000166836920-0123-s_lc.fits,166836920,3,slow,1.1512341645067294,0.0733667030601113,0.17068088,1.1512341645067294,0.9649670321685538,0.8238320073839752,1.4469724908333037,2.891080422773954,0.0733667030601113,0.072701224814302,0.0642184007203475,0.0631283526163783,0.0593607830172948,True,1.1512341645067294,True,True,False,1.1512341645067294
tess2018292075959-s0004-0000000004646810-0124-s_lc.fits,4646810,4,slow,11.229881596093149,0.6822595362405249,0.3143847,11.229881596093149,6.958190671482707,4.672849979486583,3.833475025070253,3.2497319879104483,0.6822595362405249,0.3159574346326227,0.0254067231644626,0.023481719135701,0.0223944652473612,True,11.229881596093149,True,True,False,11.229881596093149
tess2018292075959-s0004-0000000029960110-0124-s_lc.fits,29960110,4,slow,11.222418771337248,0.2109194879955533,0.67762256,11.222418771337248,7.350986109907936,3.828781614042388,5.465526467855892,3.2456097848585213,0.2109194879955533,0.1088434799271975,0.0249512166004253,0.0242196475214752,0.0132620184352878,True,11.222418771337248,True,True,False,11.222418771337248
tess2018292075959-s0004-0000000035857242-0124-s_lc.fits,35857242,4,slow,1.818269532201775,0.0313327254049398,0.58233142,1.818269532201775,1.2144817849301048,0.9052792443153608,0.5195073708036457,0.6083963211817268,0.0313327254049398,0.0250228009752269,0.0227001822230411,0.0201359550998905,0.019792259477686,False,1.818269532201775,True,False,False,1.818269532201775
tess2018292075959-s0004-0000000122612091-0124-s_lc.fits,122612091,4,slow,2.224878052680178,0.0529792831013221,0.35904765,2.224878052680178,1.1064959104559169,0.5541690744349763,0.740624232778578,0.442714021596591,0.0529792831013221,0.0473342417904102,0.0358578796092314,0.0336226816218944,0.0296390824721362,True,2.2008170474678472,True,True,False,2.224878052680178
tess2018292075959-s0004-0000000178155732-0124-s_lc.fits,178155732,4,slow,3.0884874267745084,0.0521902254674159,0.05108714,3.0884874267745084,2.641730791773041,3.512824381773799,1.462817464637881,1.2862054289724316,0.0521902254674159,0.0406176144457666,0.0347302308596196,0.0304348337670005,0.0106192621003762,True,3.0884874267745084,True,True,False,3.0884874267745084
tess2018292075959-s0004-0000000382391899-0124-s_lc.fits,382391899,4,slow,5.455828791045183,0.047419410855005,0.59687853,5.455828791045183,1.9508562470393604,0.4879588500820944,0.3258781954357398,0.3907788429819444,0.047419410855005,0.0410667338183396,0.0372914194623175,0.0347753302534697,0.0346563656486707,False,5.455828791045183,True,False,False,5.455828791045183
tess2018292075959-s0004-0000000439867639-0124-s_lc.fits,439867639,4,slow,3.1680324734364858,0.0037888161017236,1.73906088,3.1680324734364858,3.7206072403341457,11.22754497073426,4.671151015621909,5.4696616591310825,0.0037888161017236,0.0036299585828882,0.0027418788594234,0.0021075980532964,0.0012529625085953,False,3.1680324734364858,True,False,False,3.1680324734364858
tess2019169103026-s0013-0000000299798795-0146-s_lc.fits,299798795,13,slow,1.224550238933325,0.2553530625838806,1.07702553,1.224550238933325,0.612562831196864,1.4492175854641816,1.068157033345826,0.4107993730181022,0.2553530625838806,0.0240055422128364,0.0135093171139563,0.0071924174210083,0.005418854742103,True,1.228666162061912,True,True,False,1.224550238933325
tess2019169103026-s0013-0000000299799658-0146-s_lc.fits,299799658,13,slow,5.662567967391886,0.0055294241170696,0.20034194,5.662567967391886,3.083599174888564,10.846052791306375,2.728544195775014,2.0280103672170324,0.0055294241170696,0.0054004020664011,0.0048227011702613,0.0043914817564958,0.0019745046712053,False,8.645363270039987,False,False,False,5.662567967391886
tess2019306063752-s0018-0000000302773669-0162-s_lc.fits,302773669,18,slow,6.575320594040111,0.0272573785229302,0.10332108,6.575320594040111,2.181808549236912,3.9344105678199432,1.176945879822548,1.471633509562582,0.0272573785229302,0.0241396489538699,0.0233880376104366,0.016554540329311,0.0163309369190036,False,6.575320594040111,True,False,False,6.575320594040111
tess2019306063752-s0018-0000000408618999-0162-s_lc.fits,408618999,18,slow,10.806726042907847,0.0195380190258745,0.12544513,10.806726042907847,5.37311203724656,4.725164106128179,2.404998436282169,0.7843094508663355,0.0195380190258745,0.0050753937308565,0.0047805199555991,0.0038438172742652,0.0034858007808514,False,10.507278167016574,True,False,False,10.806726042907847
tess2019306063752-s0018-0000000436873727-0162-s_lc.fits,436873727,18,slow,1.015884999565234,0.4594631348701575,0.14448762,1.015884999565234,0.5099919622057364,0.8869462109389687,1.4323323447775742,1.2007036112144098,0.4594631348701575,0.0548014891429036,0.0283952987003988,0.0145139181917962,0.0123306791579053,True,1.015884999565234,True,True,False,1.015884999565234
tess2019331140908-s0019-0000000302773669-0164-s_lc.fits,302773669,19,slow,2.0062034519166123,0.0119870497934383,0.08894086,2.0062034519166123,4.270102123252824,1.368571298579608,1.5959561599029752,0.6669035620679952,0.0119870497934383,0.0116750393647197,0.0102026995790684,0.0092482395749308,0.0076656317010467,False,6.575320594040111,False,False,True,4.270102123252824
tess2019331140908-s0019-0000000408618999-0164-s_lc.fits,408618999,19,slow,2.26040762987138,0.0023338536911797,0.11824131,2.26040762987138,0.2725039109299318,12.19029095526095,1.7049010149219732,1.2841268011388165,0.0023338536911797,0.0014076755340664,0.0012760320133316,0.0012225008633078,0.0010973139413183,False,10.507278167016574,False,False,False,2.26040762987138
tess2020133194932-s0025-0000000302773669-0182-s_lc.fits,302773669,25,slow,4.516873816084808,0.0129321830504206,0.09665489,4.516873816084808,2.358789235167829,1.701989109528716,1.4853458994638151,0.6100269527481974,0.0129321830504206,0.0089687532129707,0.0071502485222645,0.0070171136442787,0.0067247207770486,False,6.575320594040111,False,False,False,4.516873816084808
tess2020133194932-s0025-0000000408618999-0182-s_lc.fits,408618999,25,slow,7.818280043871862,0.0027788964393623,0.12457967,7.818280043871862,2.402949449746411,1.1731233104402023,3.175830585456036,1.4355140479901114,0.0027788964393623,0.0025768348272329,0.0022937977844119,0.0021695991518187,0.0021345484439345,False,10.507278167016574,False,False,False,7.818280043871862
tess2020186164531-s0027-0000000299798795-0189-a_fast-lc.fits,299798795,27,fast,1.22939991841265,0.3858336395241211,2.22534835,1.22939991841265,0.6149827507456044,1.0493706745527662,1.6898420994612982,1.48399256739848,0.3858336395241211,0.0756187447993842,0.0139255586601301,0.0077697421147128,0.007539624312064,True,1.228666162061912,True,True,False,1.22939991841265
tess2020186164531-s0027-0000000299798795-0189-s_lc.fits,299798795,27,slow,1.2252116897338243,0.6288790900488186,1.79965198,1.2252116897338243,0.6154085368054617,1.5084130459566176,1.040680824682001,1.7306527375038834,0.6288790900488186,0.1079507016869825,0.0271586649403553,0.0129209445064267,0.0120597180417295,True,1.228666162061912,True,True,False,1.2252116897338243
tess2020186164531-s0027-0000000299799658-0189-a_fast-lc.fits,299799658,27,fast,8.645363270039987,0.0935219414371283,0.51330626,8.645363270039987,2.384428059475172,2.964705684714937,4.048471242739878,1.930907521420684,0.0935219414371283,0.0079416632691919,0.0071237310211762,0.0057501575427627,0.0014231978663188,True,8.645363270039987,True,True,False,8.645363270039987
tess2020186164531-s0027-0000000299799658-0189-s_lc.fits,299799658,27,slow,3.375190406599749,0.0046064802098296,0.20930767,3.375190406599749,7.127456080179444,5.056436181308384,1.7889798093938605,0.1215586429915469,0.0046064802098296,0.0028224650007834,0.0020976442294973,0.0012814960734536,0.0012286571449395,False,8.645363270039987,False,False,True,7.127456080179444
tess2020212050318-s0028-0000000299798795-0190-a_fast-lc.fits,299798795,28,fast,1.2333522253420577,0.3605365556724391,2.20279694,1.2333522253420577,0.616402466554714,1.4990435464516372,1.038466815769828,1.9106369657119016,0.3605365556724391,0.0747450190853038,0.0218153154984978,0.0191289908640777,0.0047497217006151,True,1.228666162061912,True,True,False,1.2333522253420577
tess2020212050318-s0028-0000000299798795-0190-s_lc.fits,299798795,28,slow,1.23348809573331,0.6353865126014054,1.82867408,1.23348809573331,0.616472604223349,1.4992063480835662,1.038582405053353,1.7167489358532049,0.6353865126014054,0.1217660356890909,0.0391251858858066,0.0295842782634392,0.0108300958299572,True,1.228666162061912,True,True,False,1.23348809573331
tess2020212050318-s0028-0000000299799658-0190-a_fast-lc.fits,299799658,28,fast,3.2151767336056425,0.013371043009683,0.45390606,3.2151767336056425,4.96123191234894,2.702951096280721,3.966934990100456,2.33150720314266,0.013371043009683,0.0049424685071487,0.0042769233504655,0.0026206704452462,0.001665933789768,False,8.645363270039987,False,False,False,3.2151767336056425
tess2020212050318-s0028-0000000299799658-0190-s_lc.fits,299799658,28,slow,10.845465121378068,0.0120069212447565,0.20208061,10.845465121378068,4.75337452199378,6.60979390336076,3.8310920190526137,1.1738683384935775,0.0120069212447565,0.0058938346622905,0.0052767731992539,0.0038189345804362,0.0021662725310671,False,8.645363270039987,False,False,False,10.845465121378068
tess2020212050318-s0028-0000000394357918-0190-s_lc.fits,394357918,28,slow,0.2125679317228555,0.0013446476401682,4.2858839,0.2125679317228555,2.715018375114969,2.333479169717261,0.054421762537797,0.094822586431702,0.0013446476401682,0.001055326121993,0.0010486241148914,0.0008910062137502,0.0008774054162129,False,6.419231756442765,False,False,False,0.2125679317228555
tess2020238165205-s0029-0000000166836920-0193-a_fast-lc.fits,166836920,29,fast,2.8792436166745694,0.0247025300944614,0.36794782,2.8792436166745694,1.4433349586873123,0.9556558548657194,0.822945526548725,0.7184278505021302,0.0247025300944614,0.0222399557548377,0.0190827371803428,0.0189087715417898,0.0188747471872979,False,1.1512341645067294,False,False,False,2.8792436166745694
tess2020238165205-s0029-0000000166836920-0193-s_lc.fits,166836920,29,slow,1.434949046998687,0.0582065122663144,0.17171979,1.434949046998687,0.9573119144006657,1.9268029868816705,0.7182389133123316,2.931691712658699,0.0582065122663144,0.0532517724155716,0.0489823715474332,0.0422174508869064,0.0406269022403978,True,1.1512341645067294,False,False,False,1.434949046998687
tess2020238165205-s0029-0000000207110080-0193-s_lc.fits,207110080,29,slow,0.3232397557617946,0.0026685263110771,0.43383718,0.3232397557617946,5.267463227954498,1.6410153592992809,1.0472547528627234,0.4551604337864517,0.0026685263110771,0.0024738258191874,0.0022180984126729,0.0021101630575271,0.0019376841838003,False,1.324557101707283,False,False,False,0.3232397557617946
tess2020266004630-s0030-0000000122612091-0195-a_fast-lc.fits,122612091,30,fast,1.1058021384459162,0.0135543798050051,0.81944704,1.1058021384459162,0.7378916553816786,0.5536779413793161,2.2054153873602207,0.3692915894229477,0.0135543798050051,0.0106900369892793,0.01037234362781,0.0103558030913476,0.0085945195184393,False,2.2008170474678472,False,False,False,1.1058021384459162
tess2020266004630-s0030-0000000122612091-0195-s_lc.fits,122612091,30,slow,1.1049604320284212,0.0566200977082533,0.38993359,1.1049604320284212,2.2038343131740863,0.7373190640917212,0.5532441910779111,0.3689995461162852,0.0566200977082533,0.0557940183523576,0.0458697414028456,0.0444000774173261,0.033711436295003,True,2.2008170474678472,False,False,True,2.2038343131740863
tess2020266004630-s0030-0000000166836920-0195-a_fast-lc.fits,166836920,30,fast,0.8233505078216714,0.0064959568750121,0.36514282,0.8233505078216714,0.960962503014918,1.1438256602615309,0.6400401307393981,0.7202142104567534,0.0064959568750121,0.0061075625940005,0.0058299650572986,0.0058274327195077,0.005695889729098,False,1.1512341645067294,False,False,False,0.8233505078216714
tess2020266004630-s0030-0000000166836920-0195-s_lc.fits,166836920,30,slow,1.1493474316761243,0.0468550570892203,0.18680215,1.1493474316761243,0.8230835216151162,0.95571842759641,1.9323289407755333,0.6379616945931953,0.0468550570892203,0.0419055071778291,0.04162873092361,0.0412446750082254,0.0397796654928075,False,1.1512341645067294,True,False,False,1.1493474316761243
tess2020266004630-s0030-0000000178155732-0195-a_fast-lc.fits,178155732,30,fast,3.611993252909364,0.009112879694944,0.08083582,3.611993252909364,9.050200844891828,6.415772559298034,4.621912324313513,2.6655331297517737,0.009112879694944,0.0070657783954126,0.0042979234159001,0.0038552667988843,0.0027176954187559,False,3.0884874267745084,False,False,False,3.611993252909364
tess2020266004630-s0030-0000000178155732-0195-s_lc.fits,178155732,30,slow,3.615706365652323,0.024632108551114,0.04491091,3.615706365652323,6.274345762116209,4.671396450072042,9.55204870777472,1.9276444846023109,0.024632108551114,0.0126785002958598,0.0104021075359366,0.0099204721878516,0.0088566671869868,False,3.0884874267745084,False,False,True,6.274345762116209
tess2020266004630-s0030-0000000207110080-0195-s_lc.fits,207110080,30,slow,2.98997095570284,0.0022816606038731,0.42545319,2.98997095570284,0.2966335883860377,3.563331183356014,4.563433010922282,0.3842644022293877,0.0022816606038731,0.002147930738476,0.0019615223300995,0.0014501944792572,0.001376166847717,False,1.324557101707283,False,False,False,2.98997095570284
tess2020294194027-s0031-0000000004646810-0198-s_lc.fits,4646810,31,slow,11.19500234311296,0.0731814862356633,0.16798198,11.19500234311296,5.686928860773564,4.3309235056384,3.7006443771215833,3.150460674516225,0.0731814862356633,0.041761279852601,0.0289390410649501,0.0098699190860649,0.0068416794035255,True,11.229881596093149,True,True,False,11.19500234311296
tess2020294194027-s0031-0000000004672985-0198-a_fast-lc.fits,4672985,31,fast,7.325473611949922,0.0004750691706247,0.99350214,7.325473611949922,2.62942904895146,3.001890082243289,2.072325292094601,1.6227261819137275,0.0004750691706247,0.0004468141106493,0.0003297685935802,0.0003239589438517,0.0002038006079471,False,0.9256432392419852,False,False,False,7.325473611949922
tess2020294194027-s0031-0000000004672985-0198-s_lc.fits,4672985,31,slow,0.9256432392419852,0.0009629776748888,0.4219681,0.9256432392419852,0.1048731787680902,0.3735597680824862,0.6934211509688475,0.0572885485835672,0.0009629776748888,0.0008354775304025,0.0007085235919621,0.000653526112255,0.0006460124642977,False,0.9256432392419852,True,False,False,0.9256432392419852
tess2020294194027-s0031-0000000029960110-0198-a_fast-lc.fits,29960110,31,fast,2.57616572878449,0.0152563931686387,1.32077813,2.57616572878449,2.216853312740047,1.8877366654079943,3.001901061532241,4.054941779870635,0.0152563931686387,0.0110027182521167,0.0095296259120759,0.008272606283696,0.0059978818521402,False,11.222418771337248,False,False,False,2.57616572878449
tess2020294194027-s0031-0000000029960110-0198-s_lc.fits,29960110,31,slow,9.518773156523148,0.0127622153558051,0.56110322,9.518773156523148,5.686947119185104,4.188272849743576,1.242162550656501,0.497907604581425,0.0127622153558051,0.0085640891243822,0.0028267782538197,0.0019268237675203,0.0016905865220655,False,11.222418771337248,False,False,False,9.518773156523148
tess2020294194027-s0031-0000000035857242-0198-a_fast-lc.fits,35857242,31,fast,1.8333117425594176,0.0061848071834016,1.31564021,1.8333117425594176,0.6044670824143027,0.4551666466740556,0.5182405383614604,0.905930351088376,0.0061848071834016,0.0047303406923659,0.0043704980588562,0.0042929231421528,0.0042709569124126,False,1.818269532201775,True,False,False,1.8333117425594176
tess2020294194027-s0031-0000000035857242-0198-s_lc.fits,35857242,31,slow,1.8071350222088385,0.029717038899074,0.58291852,1.8071350222088385,0.6044243965089563,0.905867370906026,0.4551342565738823,0.5203244598479084,0.029717038899074,0.0281381032292874,0.027448844466075,0.025520012162385,0.0235503765301872,False,1.818269532201775,True,False,False,1.8071350222088385
tess2020294194027-s0031-0000000122612091-0198-a_fast-lc.fits,122612091,31,fast,1.102245839097438,0.0129323386688945,0.79457283,1.102245839097438,2.2168362862994653,0.7377246085550149,0.5543851488152151,0.3692453759281709,0.0129323386688945,0.0127079020745831,0.0114892585231142,0.0105140695296155,0.0085301261209057,False,2.2008170474678472,False,False,True,2.2168362862994653
tess2020294194027-s0031-0000000122612091-0198-s_lc.fits,122612091,31,slow,2.2166927517435395,0.0569016704102737,0.37213802,2.2166927517435395,1.1118079609910207,0.5543458983814749,0.7376728701136669,0.4440021716781583,0.0569016704102737,0.0506061266883568,0.0430543119103072,0.0418019519147064,0.032321401752659,True,2.2008170474678472,True,True,False,2.2166927517435395
tess2020294194027-s0031-0000000178155732-0198-a_fast-lc.fits,178155732,31,fast,6.926423465580208,0.0094206890708202,0.08014143,6.926423465580208,12.27623215205218,2.475829974724373,5.014377788397754,1.860110793760855,0.0094206890708202,0.0042819219979709,0.0035806350563473,0.0030808857461939,0.002203221772904,False,3.0884874267745084,False,False,False,6.926423465580208
tess2020294194027-s0031-0000000178155732-0198-s_lc.fits,178155732,31,slow,3.811579334083755,0.016977295902499,0.05036235,3.811579334083755,4.823867417249009,6.568288795213188,1.4722982960094169,3.230504210499532,0.016977295902499,0.0112401139780877,0.0100322125698934,0.0066599377955347,0.006239106218885,False,3.0884874267745084,False,False,False,3.811579334083755
tess2020294194027-s0031-0000000318753380-0198-s_lc.fits,318753380,31,slow,5.014143547523723,0.0075970842884431,0.13516784,5.014143547523723,3.9294094403776,2.256051732403201,2.629282562572672,0.6822640927487507,0.0075970842884431,0.0060298582405681,0.0047245873921122,0.004715979658632,0.0043040790522369,False,5.014143547523723,True,False,False,5.014143547523723
tess2020294194027-s0031-0000000382391899-0198-a_fast-lc.fits,382391899,31,fast,1.9455102104668576,0.0226248782157882,1.18134379,1.9455102104668576,6.245993180468118,0.9754243637923984,0.3257373409142679,0.3908131848160694,0.0226248782157882,0.0207672182866336,0.0180010350509681,0.0169708647767889,0.0163247747154117,False,5.455828791045183,False,False,False,1.9455102104668576
tess2020294194027-s0031-0000000382391899-0198-s_lc.fits,382391899,31,slow,1.945382322075615,0.046196710492595,0.53206086,1.945382322075615,0.9753567991576902,0.4883475522879852,0.3257140076316973,0.3907852825983896,0.046196710492595,0.045967597747872,0.0409753426332678,0.0400026274485032,0.0399161548362283,False,5.455828791045183,False,False,False,1.945382322075615
tess2020294194027-s0031-0000000439867639-0198-s_lc.fits,439867639,31,slow,0.1857881102652672,0.0027256025699343,1.74730062,0.1857881102652672,0.3451688182675417,0.6252318540915486,0.2954416076122796,0.7419903614604407,0.0027256025699343,0.0020701193746667,0.0020387974547996,0.0019794389963238,0.0019646358048808,False,3.1680324734364858,False,False,True,0.3451688182675417
tess2021146024351-s0039-0000000299798795-0210-a_fast-lc.fits,299798795,39,fast,0.6156433486631848,0.085218219487518,1.67316914,0.6156433486631848,1.2259550753212227,1.0508017220512749,1.4711792429853183,0.9074986269004224,0.085218219487518,0.0572316479500669,0.0031158652575682,0.0018018957720171,0.0014672022677651,True,1.228666162061912,False,False,True,1.2259550753212227
tess2021146024351-s0039-0000000299798795-0210-s_lc.fits,299798795,39,slow,0.6155939273366262,0.2536622110630572,0.97147942,0.6155939273366262,1.2258597589892255,1.058680065381301,1.370097534231414,0.7393729252565394,0.2536622110630572,0.2078784249756591,0.0099902329780075,0.0043908380096228,0.0042682823244848,True,1.228666162061912,False,False,True,1.2258597589892255
tess2021146024351-s0039-0000000394357918-0210-s_lc.fits,394357918,39,slow,2.911888493265461,0.0023776203793336,4.2706275,2.911888493265461,0.1360597772188325,1.0275393854281143,0.4073965977204617,1.838897977218804,0.0023776203793336,0.0010814203120653,0.001066005239866,0.0008916960159499,0.0008775744517052,False,6.419231756442765,False,False,False,2.911888493265461
tess2021232031932-s0042-0000000436873727-0213-s_lc.fits,436873727,42,slow,0.2548357539057095,0.1143997912820266,0.09166002,0.2548357539057095,1.549499327356883,2.2516538078611283,4.422914103420092,0.3388246227197591,0.1143997912820266,0.0183116371594537,0.0168620958033406,0.0157742986550357,0.0156464091735068,True,1.015884999565234,False,False,False,0.2548357539057095
tess2021232031932-s0042-0000000436875934-0213-s_lc.fits,436875934,42,slow,0.4587335433336899,0.0098408459957748,1.91820264,0.4587335433336899,0.917598816057576,1.3713192977581588,0.3936247241256137,0.3447007675472068,0.0098408459957748,0.0080537271720197,0.0075147800987338,0.006548007239636,0.0062682427882678,False,0.4587335433336899,True,False,True,0.917598816057576
tess2021258175143-s0043-0000000436873727-0214-s_lc.fits,436873727,43,slow,0.2546992705549605,0.1184097045458244,0.09183645,0.2546992705549605,0.5093589540017668,0.339113326599689,0.9579487714339262,1.077652991702525,0.1184097045458244,0.0337603962231858,0.0186030956373269,0.017451608361382,0.0144685598117298,True,1.015884999565234,False,False,False,0.2546992705549605
tess2021258175143-s0043-0000000436875934-0214-s_lc.fits,436875934,43,slow,1.3871934478660384,0.0046341325814138,2.29994774,1.3871934478660384,0.6897801582700475,2.805431903168332,0.2499539007600114,0.3932327512749275,0.0046341325814138,0.0043952377628927,0.0043076975328909,0.0041862343711433,0.004114953892323,False,0.4587335433336899,False,False,False,1.3871934478660384
tess2021284114741-s0044-0000000436873727-0215-s_lc.fits,436873727,44,slow,0.2549644807900261,0.1253868971741262,0.0863719,0.2549644807900261,0.5098824857972205,1.0152967283460168,0.3394649233484493,3.4490043577005784,0.1253868971741262,0.0384262016784473,0.0204469983300203,0.014374308987914,0.0088552793434788,True,1.015884999565234,False,False,False,0.2549644807900261
tess2021284114741-s0044-0000000436875934-0215-s_lc.fits,436875934,44,slow,0.9153396530152308,0.0080471683720686,1.79745317,0.9153396530152308,0.6865609202104317,0.3443006107154766,2.744222507798564,0.3059523335796975,0.0080471683720686,0.0074699628445539,0.0066844599721204,0.0060935539987581,0.0060777449440556,False,0.4587335433336899,False,False,False,0.9153396530152308
tess2022138205153-s0052-0000000279947414-0224-s_lc.fits,279947414,52,slow,0.3701817456557447,0.0136211763170352,0.64247608,0.3701817456557447,0.6784780696600122,0.2901871218801889,4.058471115060891,2.032950209580992,0.0136211763170352,0.0114834937270213,0.0107830255506064,0.0107082368389419,0.0100986543213282,False,5.432424944278769,False,False,True,0.6784780696600122
tess2022138205153-s0052-0000000302773669-0224-s_lc.fits,302773669,52,slow,5.287801258761474,0.0185818608779042,0.09571314,5.287801258761474,1.5066128280536724,3.0466530214229857,1.3266896078387662,0.9249974222936764,0.0185818608779042,0.0176846172008886,0.0172251589570974,0.0170471509835856,0.0170424381398756,False,6.575320594040111,False,False,False,5.287801258761474
tess2022138205153-s0052-0000000408618999-0224-a_fast-lc.fits,408618999,52,fast,4.866881814031332,0.0032835797211085,0.27388692,4.866881814031332,1.4192206337301674,3.04682853721394,3.928250127969165,1.718590104545262,0.0032835797211085,0.0028711518667299,0.0028041257428992,0.0027164253490375,0.0025727551550919,False,10.507278167016574,False,False,False,4.866881814031332
tess2022138205153-s0052-0000000408618999-0224-s_lc.fits,408618999,52,slow,5.068488389253078,0.0048030788351839,0.12399673,5.068488389253078,8.087425632613655,1.0174140003084642,1.742997212784394,0.5047360235846643,0.0048030788351839,0.0035512461949866,0.0032196563034142,0.0028078762976141,0.0024089563692659,False,10.507278167016574,False,False,False,5.068488389253078
tess2022164095748-s0053-0000000279947414-0226-s_lc.fits,279947414,53,slow,2.03952110331359,0.0223804907603765,0.67077279,2.03952110331359,1.3541207601841256,0.6779628412499824,0.8151077277442591,11.1076197215786,0.0223804907603765,0.0208701846336736,0.0207059451601096,0.0203894011354483,0.0194249525296649,False,5.432424944278769,False,False,False,2.03952110331359
tess2022302161335-s0058-0000000245392284-0247-s_lc.fits,245392284,58,slow,0.290590481757661,0.0062714570685037,1.46466494,0.290590481757661,1.7339166047314358,0.580050416293613,0.8720290352658804,0.1935821598966064,0.0062714570685037,0.0061505715818223,0.0054893457301001,0.0044670246009865,0.0040652291311971,False,6.579091312015903,False,False,False,0.290590481757661
tess2022302161335-s0058-0000000245509452-0247-s_lc.fits,245509452,58,slow,0.8108089131072846,0.0263674844672756,0.86627007,0.8108089131072846,1.6128467352994111,0.6508782099169194,0.5415209204928342,1.0833400084286071,0.0263674844672756,0.0255169885113889,0.0186182243494812,0.0186074591600206,0.0184575700864037,False,0.6490014594381046,False,False,True,1.6128467352994111
tess2022302161335-s0058-0000000408618999-0247-a_fast-lc.fits,408618999,58,fast,4.481134316298891,0.0009865645790254,0.25093198,4.481134316298891,3.3863080655979005,9.283390827861997,6.622134716348661,2.5232417928003783,0.0009865645790254,0.0009763295631981,0.0007756384027661,0.0004099023313848,0.0003657432121269,False,10.507278167016574,False,False,False,4.481134316298891
tess2022302161335-s0058-0000000408618999-0247-s_lc.fits,408618999,58,slow,2.569879429836228,0.0025185961940429,0.11334658,2.569879429836228,3.653941361548567,9.2830585066347,6.319880304767063,1.0121450775688254,0.0025185961940429,0.0019766356980503,0.0016398495356763,0.001413196734372,0.0010979313352844,False,10.507278167016574,False,False,False,2.569879429836228
tess2022302161335-s0058-0000000436873727-0247-a_fast-lc.fits,436873727,58,fast,1.019633673812977,0.1063076056451777,0.16482472,1.019633673812977,5.3451244716270505,0.3397611415851772,1.308400108163813,2.202429361710438,0.1063076056451777,0.0101622076326441,0.0096156422029564,0.0084432552006741,0.0076740857566795,True,1.015884999565234,True,True,False,1.019633673812977
tess2022302161335-s0058-0000000436873727-0247-s_lc.fits,436873727,58,slow,1.0271253401207163,0.2437960841164844,0.1106441,1.0271253401207163,2.2022984294839305,0.3397388293214493,3.154817689470604,2.7757048212003217,0.2437960841164844,0.0223309685901863,0.0216724367680458,0.0184463220468452,0.0162133677545148,True,1.015884999565234,True,True,False,1.0271253401207163
tess2022302161335-s0058-0000000436875934-0247-s_lc.fits,436875934,58,slow,4.4808300705775,0.008247963070012,1.97272182,4.4808300705775,0.552305693681323,0.4590137451382486,0.2755650416142697,0.9182419307335928,0.008247963070012,0.0066489462855464,0.0061135037600226,0.0060300608348273,0.0053612271462814,False,0.4587335433336899,False,False,False,4.4808300705775
tess2022330142927-s0059-0000000279947414-0248-a_fast-lc.fits,279947414,59,fast,8.062203838510216,0.0061432127399162,1.49045587,8.062203838510216,0.8154326501176051,2.023417480514848,5.26745630050888,0.4064596327057704,0.0061432127399162,0.0048347849533076,0.0042530949603242,0.0040636563163711,0.0040416262166294,False,5.432424944278769,False,False,False,8.062203838510216
tess2022330142927-s0059-0000000279947414-0248-s_lc.fits,279947414,59,slow,8.06215802682034,0.0246045504346458,0.64046144,8.06215802682034,2.0234001668199277,1.3495182399529408,0.3385392790113132,0.4064558419384105,0.0246045504346458,0.0180342542770421,0.016343961730441,0.0161144690962354,0.0154810910854383,False,5.432424944278769,False,False,False,8.06215802682034
tess2022330142927-s0059-0000000302773669-0248-a_fast-lc.fits,302773669,59,fast,3.555729748415493,0.0105926863789123,0.18520951,3.555729748415493,3.0387913999443628,1.5243940218082586,0.7074655733204727,4.284595795024269,0.0105926863789123,0.010415674245414,0.0087822496299134,0.0081555857752986,0.0079660224233422,False,6.575320594040111,False,False,False,3.555729748415493
tess2022330142927-s0059-0000000302773669-0248-s_lc.fits,302773669,59,slow,0.8482094317039627,0.0192762554989357,0.09169817,0.8482094317039627,0.7558145281794804,0.6853112668213508,4.270663811175312,5.614562474135985,0.0192762554989357,0.0187428528408177,0.0174503189892445,0.0170445591134958,0.0166608744295317,False,6.575320594040111,False,False,False,0.8482094317039627
tess2022330142927-s0059-0000000408618999-0248-a_fast-lc.fits,408618999,59,fast,9.45038755721861,0.0034017060941489,0.25345087,9.45038755721861,3.555723125574385,4.598815468433964,2.013992700119726,2.3108741200670915,0.0034017060941489,0.0022229810392476,0.0013700684005978,0.0006203911112124,0.0005572411164599,False,10.507278167016574,False,False,False,9.45038755721861
tess2022330142927-s0059-0000000408618999-0248-s_lc.fits,408618999,59,slow,10.199844569361249,0.007407525058523,0.11959076,10.199844569361249,5.614553310033381,4.421858206818718,1.944036905738013,1.2843277862464368,0.007407525058523,0.0034521912502666,0.0022253901495995,0.0022109017827482,0.0018360474501375,False,10.507278167016574,True,False,False,10.199844569361249
tess2023153011303-s0066-0000000299798795-0260-a_fast-lc.fits,299798795,66,fast,1.2370691972735708,0.3473657859172136,1.98166847,1.2370691972735708,0.6127601559450238,1.0469647423103725,1.493123718299464,1.854372606887213,0.3473657859172136,0.0291780216971598,0.0168903784064698,0.015988460748631,0.0042820829572697,True,1.228666162061912,True,True,False,1.2370691972735708
tess2023153011303-s0066-0000000299798795-0260-s_lc.fits,299798795,66,slow,1.2363572003608931,0.6332009036279653,1.48646653,1.2363572003608931,0.6123957532128161,1.0553664367517797,1.492276069858573,3.8146770439243696,0.6332009036279653,0.053695062912076,0.0327317327735948,0.0303382500676028,0.0106316577356662,True,1.228666162061912,True,True,False,1.2363572003608931
tess2023153011303-s0066-0000000299799658-0260-a_fast-lc.fits,299799658,66,fast,7.695988690551901,0.0268108134680669,0.45193434,7.695988690551901,5.621119246960975,3.651955514676077,4.589905193199043,2.8920964265738025,0.0268108134680669,0.0177792651388462,0.0097195614423293,0.0071120926804734,0.0035356059989597,False,8.645363270039987,False,False,False,7.695988690551901
tess2023153011303-s0066-0000000299799658-0260-s_lc.fits,299799658,66,slow,4.931500560059262,0.0343309835766271,0.20416617,4.931500560059262,12.170810440675396,7.222801059390354,1.009294526519965,1.63167685270151,0.0343309835766271,0.0306930899612861,0.0300324850513745,0.0021798959109147,0.0021082222134556,False,8.645363270039987,False,False,False,4.931500560059262
tess2023153011303-s0066-0000000394357918-0260-s_lc.fits,394357918,66,slow,3.6962809317835,0.0015960670567355,3.45161259,3.6962809317835,2.1063808536263595,0.6796839746180994,2.906501263834056,1.8515302590601392,0.0015960670567355,0.001557227541887,0.0015212934987292,0.0012861316288827,0.0012169465459179,False,6.419231756442765,False,False,False,3.6962809317835
tess2023181235917-s0067-0000000299798795-0261-a_fast-lc.fits,299798795,67,fast,1.2351614512246016,0.3328267420131675,1.97555125,1.2351614512246016,1.05266081341205,0.6146213544667022,1.6808469832398014,0.924146229433465,0.3328267420131675,0.0358503825911439,0.0355750626379138,0.0102733535171869,0.0078474757510012,True,1.228666162061912,True,True,False,1.2351614512246016
tess2023181235917-s0067-0000000299798795-0261-s_lc.fits,299798795,67,slow,1.2349288830066545,0.6331595941883051,1.44854903,1.2349288830066545,0.61450180131397,1.493937160139033,1.0524606808779864,1.7041894011276555,0.6331595941883051,0.0638772887116093,0.0469210109837511,0.0405657894779681,0.0123980442039671,True,1.228666162061912,True,True,False,1.2349288830066545
tess2023181235917-s0067-0000000299799658-0261-a_fast-lc.fits,299799658,67,fast,2.85745395718937,0.0017777776775545,0.44726729,2.85745395718937,2.50875326747759,10.137621315412684,6.435337024603533,3.318737249988744,0.0017777776775545,0.0012884760060219,0.0012858210040636,0.0011044485099048,0.0010552042337755,False,8.645363270039987,False,False,False,2.85745395718937
tess2023181235917-s0067-0000000299799658-0261-s_lc.fits,299799658,67,slow,9.257193191590648,0.0224689162596235,0.21160603,9.257193191590648,5.475655897783763,3.5448872917164147,2.565053171246932,1.5866945131518058,0.0224689162596235,0.0172784891558723,0.0033085620662859,0.0027637878122463,0.0019558057810356,False,8.645363270039987,True,False,False,9.257193191590648
tess2023209231226-s0068-0000000299798795-0262-a_fast-lc.fits,299798795,68,fast,1.2254073246484585,0.1970236203898522,1.77737832,1.2254073246484585,0.6161968635200537,1.4759858086891808,1.03869491462289,1.7249736202880297,0.1970236203898522,0.0551112864504391,0.0156253733146534,0.0100417792921258,0.0053319280864029,True,1.228666162061912,True,True,False,1.2254073246484585
tess2023209231226-s0068-0000000299798795-0262-s_lc.fits,299798795,68,slow,1.225342223099395,0.4795944198910709,1.18202865,1.225342223099395,0.6161630649713501,1.0475062119207632,1.4759084413034913,1.7009725173805137,0.4795944198910709,0.1304819110631091,0.0266836226527107,0.0249477655934403,0.0106423914015293,True,1.228666162061912,True,True,False,1.225342223099395
tess2023209231226-s0068-0000000299799658-0262-a_fast-lc.fits,299799658,68,fast,5.828553465903794,0.0194057380359234,0.45123041,5.828553465903794,9.369237372169165,2.6724790125652453,3.411358930964819,4.380174070676006,0.0194057380359234,0.0133836210848827,0.0107687105462841,0.0093368717201661,0.0066794721297935,False,8.645363270039987,False,False,False,5.828553465903794
tess2023209231226-s0068-0000000299799658-0262-s_lc.fits,299799658,68,slow,20.0,0.0275752161982273,0.19827545,11.041664957913982,6.113031982175556,3.316644851387016,1.6846784243795143,2.1191516844770764,0.0274146474909809,0.0213647552442378,0.0074816788401661,0.0024679954627279,0.0015516442784741,False,8.645363270039987,False,False,False,11.041664957913982
tess2023209231226-s0068-0000000394357918-0262-s_lc.fits,394357918,68,slow,6.419231756442765,0.0024992048146006,3.80370021,6.419231756442765,3.4000648888686245,2.3124478397271413,4.700543509658231,2.722231816258419,0.0024992048146006,0.0019912538071935,0.0018019689618933,0.0015911242472238,0.0015472753676938,False,6.419231756442765,True,False,False,6.419231756442765
tess2023237165326-s0069-0000000166836920-0264-a_fast-lc.fits,166836920,69,fast,1.9082519689254904,0.025359625024795,0.38123488,1.9082519689254904,1.4484995366433808,1.156048228686838,0.8235140901591946,0.9618510073299056,0.025359625024795,0.0212726958002403,0.0195135400076224,0.0190458472386155,0.0180804117931084,False,1.1512341645067294,False,False,False,1.9082519689254904
tess2023237165326-s0069-0000000166836920-0264-s_lc.fits,166836920,69,slow,1.147803042602608,0.0549957856300813,0.18365383,1.147803042602608,1.912670630901792,1.43465973169566,0.9565443496526636,0.8199207592640313,0.0549957856300813,0.0508091706386516,0.046878755515017,0.0464206915042722,0.0461483513113195,True,1.1512341645067294,True,True,False,1.147803042602608
tess2023263165758-s0070-0000000436873727-0265-a_fast-lc.fits,436873727,70,fast,1.025604761222542,0.1159324009342571,0.16081929,1.025604761222542,0.2549689000849507,1.1963582903463137,0.5087613495548965,0.8909597966926607,0.1159324009342571,0.0478927137601074,0.0148113221657403,0.0108600429352261,0.010845756101914,True,1.015884999565234,True,True,False,1.025604761222542
tess2023263165758-s0070-0000000436873727-0265-s_lc.fits,436873727,70,slow,1.0199238749410473,0.2509910952032257,0.10829747,1.0199238749410473,0.2545623136177229,1.1897908973675784,0.8859898922749408,0.5079829242196668,0.2509910952032257,0.0989970498845005,0.0261899663621655,0.0221663161439003,0.0203540516643581,True,1.015884999565234,True,True,False,1.0199238749410473
tess2023289093419-s0071-0000000436873727-0266-a_fast-lc.fits,436873727,71,fast,0.2550566638698188,0.0468587251411222,0.1543045,0.2550566638698188,1.0156496711773064,0.5100644542641829,0.8822508769065577,0.339587132345051,0.0468587251411222,0.0399348531805049,0.0174671681831495,0.0100998921836514,0.0097080290024939,False,1.015884999565234,False,False,False,0.2550566638698188
tess2023289093419-s0071-0000000436873727-0266-s_lc.fits,436873727,71,slow,0.2551589219868732,0.1015889433235841,0.10428846,0.2551589219868732,1.020161753290449,0.5102388304041439,0.339244267738966,0.8861979915185632,0.1015889433235841,0.0906239869686776,0.0368697285826699,0.0215523558262303,0.0178049240316598,True,1.015884999565234,False,False,False,0.2551589219868732
tess2023341045131-s0073-0000000279947414-0268-a_fast-lc.fits,279947414,73,fast,17.40689620953122,0.0325864299302009,1.52304888,1.3600601591402228,2.4995045208310795,3.9823283267725578,1.821330388337885,0.8101687208096806,0.0248639606578319,0.0219661078431313,0.0218464175139273,0.0204940028280451,0.0167998208703268,False,5.432424944278769,False,False,True,2.4995045208310795
tess2023341045131-s0073-0000000279947414-0268-s_lc.fits,279947414,73,slow,5.432424944278769,0.0575642778410382,0.65441966,5.432424944278769,7.579335388854852,11.462053150932702,2.0429678153149675,15.40885190907856,0.0575642778410382,0.0274226575078879,0.024881938226985,0.0243805561333449,0.0243800935619047,True,5.432424944278769,True,True,False,5.432424944278769
tess2023341045131-s0073-0000000302773669-0268-a_fast-lc.fits,302773669,73,fast,7.174485024526977,0.0153545647554941,0.19426942,7.174485024526977,1.925818109982692,1.3464080254535071,11.462258115220756,2.7560365380550285,0.0153545647554941,0.0106936296132613,0.010363340977115,0.0100740222696517,0.0078442753842834,False,6.575320594040111,True,False,False,7.174485024526977
tess2023341045131-s0073-0000000302773669-0268-s_lc.fits,302773669,73,slow,8.032803299433182,0.0195094134771213,0.09143949,8.032803299433182,2.7559136263756367,0.4816687634424154,1.359982124795133,2.04294977036269,0.0195094134771213,0.0163820352061737,0.0161489209322373,0.0154419267215556,0.0140508618751099,False,6.575320594040111,False,False,False,8.032803299433182
tess2024142205832-s0079-0000000279947414-0274-a_fast-lc.fits,279947414,79,fast,0.5085732074885732,0.0048490659776247,1.44288003,0.5085732074885732,0.4525898389284265,0.4064879993298843,2.031613223538612,4.268794046195685,0.0048490659776247,0.0047902369272687,0.0046400255411267,0.0045373858065845,0.0044970658697428,False,5.432424944278769,False,False,False,0.5085732074885732
tess2024142205832-s0079-0000000279947414-0274-s_lc.fits,279947414,79,slow,0.5085520673333838,0.0177224425483464,0.64068794,0.5085520673333838,0.4525709718334211,0.5803373133696599,1.014125171247259,0.6791014852406629,0.0177224425483464,0.0170225545894986,0.0168766286486325,0.0153553489512657,0.015329196199689,False,5.432424944278769,False,False,False,0.5085520673333838
tess2024142205832-s0079-0000000302773669-0274-a_fast-lc.fits,302773669,79,fast,5.9550606188303385,0.0054162784551503,0.1837492,5.9550606188303385,1.4782547435009403,3.688563436841308,1.8388828307026008,2.963483371530803,0.0054162784551503,0.0036546091051242,0.0036133065399073,0.0028003419706293,0.0027654061764797,False,6.575320594040111,True,False,False,5.9550606188303385
tess2024142205832-s0079-0000000302773669-0274-s_lc.fits,302773669,79,slow,9.177282627095169,0.0090466048418989,0.09401917,9.177282627095169,1.890043606609612,0.7762413950728078,1.06174995737295,1.6002407115573043,0.0090466048418989,0.0079246034607287,0.0074770455353304,0.0073062154243833,0.0067265530648821,False,6.575320594040111,False,False,False,9.177282627095169
tess2024142205832-s0079-0000000408618999-0274-a_fast-lc.fits,408618999,79,fast,2.4322450091733296,0.0073998316578091,0.25454164,2.4322450091733296,3.0988567079008664,5.474511540216428,2.031629787084354,2.725380637520491,0.0073998316578091,0.0051556933606919,0.0047476774489458,0.0025405272830513,0.0021212787710669,False,10.507278167016574,False,False,False,2.4322450091733296
tess2024142205832-s0079-0000000408618999-0274-s_lc.fits,408618999,79,slow,15.446126423079786,0.0025218280182721,0.11906505,15.446126423079786,0.9991964197960674,4.555326472636918,1.1717934525792209,0.6406281407979274,0.0025218280182721,0.0022469014839744,0.0017863692002758,0.001687929232961,0.0013143022991923,False,10.507278167016574,False,False,False,15.446126423079786
tess2024300212641-s0085-0000000139375960-0282-s_lc.fits,139375960,85,slow,2.634668369348041,0.0255051372625457,0.31228662,2.634668369348041,1.322422426725346,1.760962645621908,1.0676252003522704,4.655987578622393,0.0255051372625457,0.0248343993800651,0.020065787417575,0.0191048318743338,0.0169114822517723,False,2.634668369348041,True,False,False,2.634668369348041
tess2024300212641-s0085-0000000245392284-0282-a_fast-lc.fits,245392284,85,fast,20.0,0.0895582297921071,5.90777516,6.579091312015903,3.321500631437316,2.146693918330033,4.339229606966246,2.6348536732305776,0.0784610443836015,0.0381566755820568,0.0248995036814264,0.0211647369357656,0.0188903194677376,True,6.579091312015903,True,True,False,6.579091312015903
tess2024300212641-s0085-0000000245392284-0282-s_lc.fits,245392284,85,slow,15.22233681772966,0.0640870534403467,3.23500395,15.22233681772966,6.255843240488563,3.156765805715631,2.07660279111895,0.804723311049268,0.0640870534403467,0.0401336360236417,0.0196737776310812,0.0149037268664286,0.0134682778152651,True,6.579091312015903,False,False,False,15.22233681772966
tess2024300212641-s0085-0000000245509452-0282-s_lc.fits,245509452,85,slow,0.6490014594381046,0.0338966435482583,0.91234505,0.6490014594381046,3.236943775803296,1.085826139053336,0.3606561916189076,0.8150158952154646,0.0338966435482583,0.0332807927644311,0.0309398368797401,0.0280339481730693,0.0258881224285627,False,0.6490014594381046,True,False,False,0.6490014594381046
tess2024300212641-s0085-0000000436873727-0282-a_fast-lc.fits,436873727,85,fast,1.0165988443598,0.090749083248363,0.15909076,1.0165988443598,0.5110973858098256,10.301217046561986,1.1443894569449216,0.2552276718049916,0.090749083248363,0.0138270805851974,0.0123912912733954,0.012370922929424,0.0121278889245335,True,1.015884999565234,True,True,False,1.0165988443598
tess2024300212641-s0085-0000000436873727-0282-s_lc.fits,436873727,85,slow,1.0165287452124998,0.2670522804597444,0.10004282,1.0165287452124998,0.5110612049114871,1.144311077217787,0.2552093668870513,0.7393561818556234,0.2670522804597444,0.0425481855701196,0.0321255660549012,0.0292574989694541,0.0265010392878068,True,1.015884999565234,True,True,False,1.0165287452124998
tess2024300212641-s0085-0000000436875934-0282-s_lc.fits,436875934,85,slow,0.921028254887128,0.0095829737454004,1.84385777,0.921028254887128,11.206655294440647,2.748298296929541,1.3796866256436426,0.5508212291189257,0.0095829737454004,0.0094815483639456,0.0086399791982276,0.0084497952158262,0.0083687174174755,False,0.4587335433336899,False,False,False,0.921028254887128
tess2024326142117-s0086-0000000279947414-0283-a_fast-lc.fits,279947414,86,fast,5.618579684575989,0.0119884638376574,1.57422185,5.618579684575989,3.948451864995842,2.0549037518928936,7.9819355344652285,1.388854601500521,0.0119884638376574,0.0091426953340818,0.007848917343436,0.0067150225152839,0.0048594188262482,False,5.432424944278769,True,False,False,5.618579684575989
tess2024326142117-s0086-0000000279947414-0283-s_lc.fits,279947414,86,slow,4.19788070761011,0.033078202581403,0.67145228,4.19788070761011,11.409912894763035,5.866551845313531,3.528741565558474,1.3744276495686136,0.033078202581403,0.0251665239286948,0.0169591083527283,0.0146679193810383,0.0142680370607004,False,5.432424944278769,False,False,False,4.19788070761011
tess2024326142117-s0086-0000000302773669-0283-s_lc.fits,302773669,86,slow,4.637556377343545,0.025181420605772,0.09571016,4.637556377343545,9.737031061435042,1.935067965662228,2.6757074842938477,7.12534540008976,0.025181420605772,0.0184149431636514,0.0127226798581335,0.0106212900053316,0.0088845706061292,False,6.575320594040111,False,False,True,9.737031061435042
tess2024326142117-s0086-0000000408618999-0283-a_fast-lc.fits,408618999,86,fast,3.62514822788956,0.0039718858332992,0.25462508,3.62514822788956,13.77693617942692,1.7331467830767606,4.33499767080897,1.9932167699823085,0.0039718858332992,0.0034569818199047,0.0017502263812402,0.0014538947499994,0.0010727676894252,False,10.507278167016574,False,False,False,3.62514822788956
tess2024326142117-s0086-0000000408618999-0283-s_lc.fits,408618999,86,slow,10.507278167016574,0.0364352661768938,0.12615025,10.507278167016574,4.637549359494725,7.125336363675781,1.9350645222664409,1.4817425443451715,0.0364352661768938,0.0290400659561405,0.0232296718538871,0.020366135951496,0.0140734269255841,False,10.507278167016574,True,False,False,10.507278167016574
tess2025042113628-s0089-0000000394357918-0286-s_lc.fits,394357918,89,slow,5.294943582432734,0.0016667258097864,5.01657426,5.294943582432734,3.674105654449327,0.3545790571498527,0.1573757804728909,0.2873705420812639,0.0016667258097864,0.0010992297414699,0.000840405166067,0.0008139977336437,0.0007480217193205,False,6.419231756442765,False,False,False,5.294943582432734
tess2025154050500-s0093-0000000299798795-0290-a_fast-lc.fits,299798795,93,fast,1.235260896849099,0.3775828455517732,2.00868011,1.235260896849099,1.4977852619220031,1.0418996117172934,0.6144326250316001,3.424036197830448,0.3775828455517732,0.0386244473737534,0.0321376940167172,0.008449075471961,0.0075758447707862,True,1.228666162061912,True,True,False,1.235260896849099
tess2025154050500-s0093-0000000299798795-0290-s_lc.fits,299798795,93,slow,1.235249700716464,0.7013174118395594,1.60261691,1.235249700716464,1.4977718762513428,1.041890070858578,0.6144268716992247,1.7117687391334255,0.7013174118395594,0.0429704836412681,0.0364688735282648,0.0183096659278514,0.0109894418439674,True,1.228666162061912,True,True,False,1.235249700716464
tess2025154050500-s0093-0000000299799658-0290-a_fast-lc.fits,299799658,93,fast,8.720024619103397,0.0477856706605363,0.46268702,8.720024619103397,2.7993699971828367,3.9663566041476574,4.723745038559567,2.3702197547882946,0.0477856706605363,0.0194020084630689,0.0132016373858208,0.0097251243592186,0.0080411183674016,False,8.645363270039987,True,False,False,8.720024619103397
tess2025154050500-s0093-0000000299799658-0290-s_lc.fits,299799658,93,slow,12.096682755096577,0.0887247012903681,0.20905137,12.096682755096577,6.7566711741870975,4.204561567837971,4.874015596255857,2.775162421205384,0.0887247012903681,0.0876415818138968,0.0092044714166257,0.0058471381339566,0.0031909732790348,True,8.645363270039987,False,False,False,12.096682755096577
tess2025180145000-s0094-0000000299799658-0291-a_fast-lc.fits,299799658,94,fast,4.821241973217492,0.0048784002546044,0.45465112,4.821241973217492,6.340941084551581,10.02907053510147,3.889150316604057,2.319587943695582,0.0048784002546044,0.0039705156437702,0.0033168842455386,0.0015654502520115,0.0014088767522606,False,8.645363270039987,False,False,False,4.821241973217492
tess2025180145000-s0094-0000000299799658-0291-s_lc.fits,299799658,94,slow,7.07046784477074,0.0588269843948624,0.21733761,7.07046784477074,12.012229414152046,4.453260120796351,3.643951936636284,2.269272839290844,0.0588269843948624,0.0571650433866738,0.0178083711892272,0.0128984831400366,0.0093220096686398,True,8.645363270039987,False,False,False,7.07046784477074
tess2025206162959-s0095-0000000299798795-0292-a_fast-lc.fits,299798795,95,fast,1.2287454600264591,0.3985484031140888,1.99742794,1.2287454600264591,0.6172413280005842,1.034547849802255,1.512697817832405,1.7103175516076252,0.3985484031140888,0.0365650371610879,0.0328741403520614,0.0261423877931029,0.0059629055210223,True,1.228666162061912,True,True,False,1.2287454600264591
tess2025206162959-s0095-0000000299798795-0292-s_lc.fits,299798795,95,slow,1.228666162061912,0.7299463094589403,1.56235933,1.228666162061912,0.6172001963169008,1.0344803938452107,1.512601671447566,5.639676922471058,0.7299463094589403,0.0574715723522079,0.0443111621526562,0.0435423657221897,0.0131600512674564,True,1.228666162061912,True,True,False,1.228666162061912
tess2025206162959-s0095-0000000299799658-0292-a_fast-lc.fits,299799658,95,fast,3.4274796797232074,0.0076651993768257,0.46187878,3.4274796797232074,1.1424430494124285,1.3948500251430358,4.998558800944281,2.399188357242763,0.0076651993768257,0.0057136166352805,0.0056171557438653,0.0053464458425638,0.0050843361453197,False,8.645363270039987,False,False,False,3.4274796797232074
tess2025206162959-s0095-0000000299799658-0292-s_lc.fits,299799658,95,slow,5.697698945605495,0.0590979881337374,0.22378445,5.697698945605495,4.272034172458402,2.1739247072444887,2.4402519409094565,1.086721644167305,0.0590979881337374,0.051810292997323,0.0135235632668464,0.0113585298045215,0.0108724466748325,True,8.645363270039987,False,False,False,5.697698945605495
tess2025232030459-s0096-0000000207110080-0293-s_lc.fits,207110080,96,slow,1.324557101707283,0.0036905181568169,0.421772,1.324557101707283,1.47180699943152,6.6352639256316985,3.2240669511491094,0.7267369200830157,0.0036905181568169,0.0030998670422912,0.0029701910385123,0.0027631681851853,0.0024483421033341,False,1.324557101707283,True,False,False,1.324557101707283
tess2025258001959-s0097-0000000122612091-0294-a_fast-lc.fits,122612091,97,fast,0.5545760279234404,0.0135119472273885,0.7910943,0.5545760279234404,0.7383699222007287,1.1090730940745317,2.2273056061190464,0.3697261263120969,0.0135119472273885,0.0123713651723906,0.0120763570999557,0.0115743275651175,0.0101867417603006,False,2.2008170474678472,False,False,False,0.5545760279234404
tess2025258001959-s0097-0000000122612091-0294-s_lc.fits,122612091,97,slow,2.207589286314576,0.0570465538634385,0.38524806,2.207589286314576,0.554343787798946,1.1086218854737038,0.7380636359509368,0.3695698246786471,0.0570465538634385,0.0549562779747543,0.0546274551913693,0.0467813665359255,0.0369203627170596,True,2.2008170474678472,True,True,False,2.207589286314576
tess2025258001959-s0097-0000000166836920-0294-a_fast-lc.fits,166836920,97,fast,2.870506994363923,0.0202355560326151,0.36280155,2.870506994363923,1.9153226462019048,1.4371120302549356,1.1499874516911026,0.9584884075740028,0.0202355560326151,0.0196125211048477,0.0193726053941101,0.0189406514285674,0.0177517721253783,False,1.1512341645067294,False,False,False,2.870506994363923
tess2025258001959-s0097-0000000166836920-0294-s_lc.fits,166836920,97,slow,1.9236986304916357,0.0553616004696889,0.18560886,1.9236986304916357,2.8740405007210077,1.4377288320503456,1.1528291967730184,0.9586434541728356,0.0553616004696889,0.0518031368679794,0.049733686331537,0.0477598679306096,0.045763881466659,True,1.1512341645067294,False,False,False,1.9236986304916357
tess2025258001959-s0097-0000000178155732-0294-a_fast-lc.fits,178155732,97,fast,8.190157585926709,0.0167015384685342,0.08136272,8.190157585926709,6.726754064332158,10.467320270862658,2.6046650355198664,4.453301516231346,0.0167015384685342,0.0083496076740804,0.006984239274237,0.0049742594455721,0.0049489760653469,False,3.0884874267745084,False,False,False,8.190157585926709
tess2025258001959-s0097-0000000178155732-0294-s_lc.fits,178155732,97,slow,7.65717867272803,0.0309078674519941,0.05381107,7.65717867272803,5.208246851262768,3.4728096067943484,11.314874393676693,1.973503908567201,0.0309078674519941,0.0203113995794244,0.0156797284656718,0.0145761826570151,0.0137201908455153,False,3.0884874267745084,False,False,False,7.65717867272803
tess2025258001959-s0097-0000000207110080-0294-a_fast-lc.fits,207110080,97,fast,13.654982093323792,0.0006947008821971,1.01408839,13.654982093323792,0.768800035268365,5.1740475190610935,1.6049067770745284,2.101084703237337,0.0006947008821971,0.0005184465384766,0.0005149635838539,0.0005102282229467,0.0005099095260814,False,1.324557101707283,False,False,False,13.654982093323792
tess2025258001959-s0097-0000000207110080-0294-s_lc.fits,207110080,97,slow,1.6147233719750718,0.0022199420004087,0.43750942,1.6147233719750718,4.309946381118662,2.438012917164766,6.469748540825821,0.2241591809282929,0.0022199420004087,0.0018848325246101,0.0016530618310168,0.0016355559107091,0.0014948764395787,False,1.324557101707283,False,False,False,1.6147233719750718
